"","x","freq","clean"
"1","   HIGH SURF ADVISORY",1,"   HIGH SURF ADVISORY"
"2"," COASTAL FLOOD",1," COASTAL FLOOD"
"3"," FLASH FLOOD",1," FLASH FLOOD"
"4"," LIGHTNING",1," LIGHTNING"
"5"," TSTM WIND",4," TSTM WIND"
"6"," TSTM WIND (G45)",1," TSTM WIND (G45)"
"7"," WATERSPOUT",1," WATERSPOUT"
"8"," WIND",1," WIND"
"9","?",1,"?"
"10","ABNORMAL WARMTH",4,"ABNORMAL WARMTH"
"11","ABNORMALLY DRY",2,"ABNORMALLY DRY"
"12","ABNORMALLY WET",1,"ABNORMALLY WET"
"13","ACCUMULATED SNOWFALL",4,"ACCUMULATED SNOWFALL"
"14","AGRICULTURAL FREEZE",6,"AGRICULTURAL FREEZE"
"15","APACHE COUNTY",1,"APACHE COUNTY"
"16","ASTRONOMICAL HIGH TIDE",103,"ASTRONOMICAL HIGH TIDE"
"17","ASTRONOMICAL LOW TIDE",174,"ASTRONOMICAL LOW TIDE"
"18","AVALANCE",1,"AVALANCE"
"19","AVALANCHE",386,"AVALANCHE"
"20","BEACH EROSIN",1,"BEACH EROSIN"
"21","Beach Erosion",1,"Beach Erosion"
"22","BEACH EROSION",3,"BEACH EROSION"
"23","BEACH EROSION/COASTAL FLOOD",1,"BEACH EROSION/COASTAL FLOOD"
"24","BEACH FLOOD",2,"BEACH FLOOD"
"25","BELOW NORMAL PRECIPITATION",2,"BELOW NORMAL PRECIPITATION"
"26","BITTER WIND CHILL",1,"BITTER WIND CHILL"
"27","BITTER WIND CHILL TEMPERATURES",3,"BITTER WIND CHILL TEMPERATURES"
"28","Black Ice",3,"Black Ice"
"29","BLACK ICE",14,"BLACK ICE"
"30","BLIZZARD",2719,"BLIZZARD"
"31","BLIZZARD AND EXTREME WIND CHIL",2,"BLIZZARD AND EXTREME WIND CHIL"
"32","BLIZZARD AND HEAVY SNOW",1,"BLIZZARD AND HEAVY SNOW"
"33","Blizzard Summary",1,"Blizzard Summary"
"34","BLIZZARD WEATHER",1,"BLIZZARD WEATHER"
"35","BLIZZARD/FREEZING RAIN",1,"BLIZZARD/FREEZING RAIN"
"36","BLIZZARD/HEAVY SNOW",2,"BLIZZARD/HEAVY SNOW"
"37","BLIZZARD/HIGH WIND",1,"BLIZZARD/HIGH WIND"
"38","BLIZZARD/WINTER STORM",1,"BLIZZARD/WINTER STORM"
"39","BLOW-OUT TIDE",1,"BLOW-OUT TIDE"
"40","BLOW-OUT TIDES",1,"BLOW-OUT TIDES"
"41","BLOWING DUST",4,"BLOWING DUST"
"42","blowing snow",2,"blowing snow"
"43","Blowing Snow",3,"Blowing Snow"
"44","BLOWING SNOW",12,"BLOWING SNOW"
"45","BLOWING SNOW & EXTREME WIND CH",2,"BLOWING SNOW & EXTREME WIND CH"
"46","BLOWING SNOW- EXTREME WIND CHI",1,"BLOWING SNOW- EXTREME WIND CHI"
"47","BLOWING SNOW/EXTREME WIND CHIL",1,"BLOWING SNOW/EXTREME WIND CHIL"
"48","BREAKUP FLOODING",1,"BREAKUP FLOODING"
"49","BRUSH FIRE",3,"BRUSH FIRE"
"50","BRUSH FIRES",1,"BRUSH FIRES"
"51","COASTAL  FLOODING/EROSION",1,"COASTAL  FLOODING/EROSION"
"52","COASTAL EROSION",1,"COASTAL EROSION"
"53","Coastal Flood",6,"Coastal Flood"
"54","COASTAL FLOOD",650,"COASTAL FLOOD"
"55","coastal flooding",2,"coastal flooding"
"56","Coastal Flooding",38,"Coastal Flooding"
"57","COASTAL FLOODING",143,"COASTAL FLOODING"
"58","COASTAL FLOODING/EROSION",5,"COASTAL FLOODING/EROSION"
"59","Coastal Storm",2,"Coastal Storm"
"60","COASTAL STORM",8,"COASTAL STORM"
"61","COASTAL SURGE",2,"COASTAL SURGE"
"62","COASTAL/TIDAL FLOOD",2,"COASTAL/TIDAL FLOOD"
"63","COASTALFLOOD",1,"COASTALFLOOD"
"64","COASTALSTORM",1,"COASTALSTORM"
"65","Cold",10,"Cold"
"66","COLD",72,"COLD"
"67","COLD AIR FUNNEL",4,"COLD AIR FUNNEL"
"68","COLD AIR FUNNELS",2,"COLD AIR FUNNELS"
"69","COLD AIR TORNADO",1,"COLD AIR TORNADO"
"70","Cold and Frost",6,"Cold and Frost"
"71","COLD AND FROST",1,"COLD AND FROST"
"72","COLD AND SNOW",1,"COLD AND SNOW"
"73","COLD AND WET CONDITIONS",1,"COLD AND WET CONDITIONS"
"74","Cold Temperature",2,"Cold Temperature"
"75","COLD TEMPERATURES",4,"COLD TEMPERATURES"
"76","COLD WAVE",3,"COLD WAVE"
"77","COLD WEATHER",4,"COLD WEATHER"
"78","COLD WIND CHILL TEMPERATURES",6,"COLD WIND CHILL TEMPERATURES"
"79","COLD/WIND CHILL",539,"COLD/WIND CHILL"
"80","COLD/WINDS",1,"COLD/WINDS"
"81","COOL AND WET",1,"COOL AND WET"
"82","COOL SPELL",1,"COOL SPELL"
"83","CSTL FLOODING/EROSION",2,"CSTL FLOODING/EROSION"
"84","DAM BREAK",4,"DAM BREAK"
"85","DAM FAILURE",1,"DAM FAILURE"
"86","Damaging Freeze",2,"Damaging Freeze"
"87","DAMAGING FREEZE",6,"DAMAGING FREEZE"
"88","DEEP HAIL",1,"DEEP HAIL"
"89","DENSE FOG",1293,"DENSE FOG"
"90","DENSE SMOKE",10,"DENSE SMOKE"
"91","DOWNBURST",2,"DOWNBURST"
"92","DOWNBURST WINDS",2,"DOWNBURST WINDS"
"93","DRIEST MONTH",1,"DRIEST MONTH"
"94","Drifting Snow",1,"Drifting Snow"
"95","DROUGHT",2488,"DROUGHT"
"96","DROUGHT/EXCESSIVE HEAT",13,"DROUGHT/EXCESSIVE HEAT"
"97","DROWNING",1,"DROWNING"
"98","DRY",9,"DRY"
"99","DRY CONDITIONS",6,"DRY CONDITIONS"
"100","DRY HOT WEATHER",1,"DRY HOT WEATHER"
"101","DRY MICROBURST",186,"DRY MICROBURST"
"102","DRY MICROBURST 50",1,"DRY MICROBURST 50"
"103","DRY MICROBURST 53",1,"DRY MICROBURST 53"
"104","DRY MICROBURST 58",2,"DRY MICROBURST 58"
"105","DRY MICROBURST 61",1,"DRY MICROBURST 61"
"106","DRY MICROBURST 84",1,"DRY MICROBURST 84"
"107","DRY MICROBURST WINDS",5,"DRY MICROBURST WINDS"
"108","DRY MIRCOBURST WINDS",1,"DRY MIRCOBURST WINDS"
"109","DRY PATTERN",1,"DRY PATTERN"
"110","DRY SPELL",4,"DRY SPELL"
"111","DRY WEATHER",4,"DRY WEATHER"
"112","DRYNESS",1,"DRYNESS"
"113","DUST DEVEL",1,"DUST DEVEL"
"114","Dust Devil",8,"Dust Devil"
"115","DUST DEVIL",141,"DUST DEVIL"
"116","DUST DEVIL WATERSPOUT",1,"DUST DEVIL WATERSPOUT"
"117","DUST STORM",427,"DUST STORM"
"118","DUST STORM/HIGH WINDS",1,"DUST STORM/HIGH WINDS"
"119","DUSTSTORM",1,"DUSTSTORM"
"120","EARLY FREEZE",1,"EARLY FREEZE"
"121","Early Frost",1,"Early Frost"
"122","EARLY FROST",1,"EARLY FROST"
"123","EARLY RAIN",1,"EARLY RAIN"
"124","EARLY SNOW",3,"EARLY SNOW"
"125","Early snowfall",2,"Early snowfall"
"126","EARLY SNOWFALL",5,"EARLY SNOWFALL"
"127","Erosion/Cstl Flood",2,"Erosion/Cstl Flood"
"128","EXCESSIVE",1,"EXCESSIVE"
"129","Excessive Cold",2,"Excessive Cold"
"130","EXCESSIVE HEAT",1678,"EXCESSIVE HEAT"
"131","EXCESSIVE HEAT/DROUGHT",1,"EXCESSIVE HEAT/DROUGHT"
"132","EXCESSIVE PRECIPITATION",1,"EXCESSIVE PRECIPITATION"
"133","EXCESSIVE RAIN",5,"EXCESSIVE RAIN"
"134","EXCESSIVE RAINFALL",4,"EXCESSIVE RAINFALL"
"135","EXCESSIVE SNOW",25,"EXCESSIVE SNOW"
"136","EXCESSIVE WETNESS",1,"EXCESSIVE WETNESS"
"137","EXCESSIVELY DRY",1,"EXCESSIVELY DRY"
"138","Extended Cold",1,"Extended Cold"
"139","Extreme Cold",2,"Extreme Cold"
"140","EXTREME COLD",655,"EXTREME COLD"
"141","EXTREME COLD/WIND CHILL",1002,"EXTREME COLD/WIND CHILL"
"142","EXTREME HEAT",22,"EXTREME HEAT"
"143","EXTREME WIND CHILL",6,"EXTREME WIND CHILL"
"144","EXTREME WIND CHILL/BLOWING SNO",1,"EXTREME WIND CHILL/BLOWING SNO"
"145","EXTREME WIND CHILLS",1,"EXTREME WIND CHILLS"
"146","EXTREME WINDCHILL",204,"EXTREME WINDCHILL"
"147","EXTREME WINDCHILL TEMPERATURES",19,"EXTREME WINDCHILL TEMPERATURES"
"148","EXTREME/RECORD COLD",4,"EXTREME/RECORD COLD"
"149","EXTREMELY WET",1,"EXTREMELY WET"
"150","FALLING SNOW/ICE",2,"FALLING SNOW/ICE"
"151","FIRST FROST",1,"FIRST FROST"
"152","FIRST SNOW",9,"FIRST SNOW"
"153","FLASH FLOOD",54277,"FLASH FLOOD"
"154","FLASH FLOOD - HEAVY RAIN",2,"FLASH FLOOD - HEAVY RAIN"
"155","FLASH FLOOD FROM ICE JAMS",5,"FLASH FLOOD FROM ICE JAMS"
"156","FLASH FLOOD LANDSLIDES",1,"FLASH FLOOD LANDSLIDES"
"157","FLASH FLOOD WINDS",1,"FLASH FLOOD WINDS"
"158","FLASH FLOOD/",1,"FLASH FLOOD/"
"159","FLASH FLOOD/ FLOOD",2,"FLASH FLOOD/ FLOOD"
"160","FLASH FLOOD/ STREET",1,"FLASH FLOOD/ STREET"
"161","FLASH FLOOD/FLOOD",22,"FLASH FLOOD/FLOOD"
"162","FLASH FLOOD/HEAVY RAIN",1,"FLASH FLOOD/HEAVY RAIN"
"163","FLASH FLOOD/LANDSLIDE",1,"FLASH FLOOD/LANDSLIDE"
"164","FLASH FLOODING",682,"FLASH FLOODING"
"165","FLASH FLOODING/FLOOD",8,"FLASH FLOODING/FLOOD"
"166","FLASH FLOODING/THUNDERSTORM WI",1,"FLASH FLOODING/THUNDERSTORM WI"
"167","FLASH FLOODS",32,"FLASH FLOODS"
"168","FLASH FLOOODING",1,"FLASH FLOOODING"
"169","Flood",1,"Flood"
"170","FLOOD",25326,"FLOOD"
"171","FLOOD & HEAVY RAIN",2,"FLOOD & HEAVY RAIN"
"172","FLOOD FLASH",3,"FLOOD FLASH"
"173","FLOOD FLOOD/FLASH",1,"FLOOD FLOOD/FLASH"
"174","FLOOD WATCH/",1,"FLOOD WATCH/"
"175","FLOOD/FLASH",2,"FLOOD/FLASH"
"176","Flood/Flash Flood",1,"Flood/Flash Flood"
"177","FLOOD/FLASH FLOOD",624,"FLOOD/FLASH FLOOD"
"178","FLOOD/FLASH FLOODING",2,"FLOOD/FLASH FLOODING"
"179","FLOOD/FLASH/FLOOD",1,"FLOOD/FLASH/FLOOD"
"180","FLOOD/FLASHFLOOD",1,"FLOOD/FLASHFLOOD"
"181","FLOOD/RAIN/WIND",1,"FLOOD/RAIN/WIND"
"182","FLOOD/RAIN/WINDS",6,"FLOOD/RAIN/WINDS"
"183","FLOOD/RIVER FLOOD",1,"FLOOD/RIVER FLOOD"
"184","Flood/Strong Wind",1,"Flood/Strong Wind"
"185","FLOODING",120,"FLOODING"
"186","FLOODING/HEAVY RAIN",1,"FLOODING/HEAVY RAIN"
"187","FLOODS",3,"FLOODS"
"188","FOG",538,"FOG"
"189","FOG AND COLD TEMPERATURES",1,"FOG AND COLD TEMPERATURES"
"190","FOREST FIRES",1,"FOREST FIRES"
"191","Freeze",2,"Freeze"
"192","FREEZE",74,"FREEZE"
"193","Freezing drizzle",1,"Freezing drizzle"
"194","Freezing Drizzle",3,"Freezing Drizzle"
"195","FREEZING DRIZZLE",20,"FREEZING DRIZZLE"
"196","FREEZING DRIZZLE AND FREEZING",1,"FREEZING DRIZZLE AND FREEZING"
"197","Freezing Fog",1,"Freezing Fog"
"198","FREEZING FOG",45,"FREEZING FOG"
"199","Freezing rain",3,"Freezing rain"
"200","Freezing Rain",7,"Freezing Rain"
"201","FREEZING RAIN",250,"FREEZING RAIN"
"202","FREEZING RAIN AND SLEET",6,"FREEZING RAIN AND SLEET"
"203","FREEZING RAIN AND SNOW",1,"FREEZING RAIN AND SNOW"
"204","FREEZING RAIN SLEET AND",1,"FREEZING RAIN SLEET AND"
"205","FREEZING RAIN SLEET AND LIGHT",1,"FREEZING RAIN SLEET AND LIGHT"
"206","FREEZING RAIN/SLEET",9,"FREEZING RAIN/SLEET"
"207","FREEZING RAIN/SNOW",4,"FREEZING RAIN/SNOW"
"208","Freezing Spray",1,"Freezing Spray"
"209","Frost",4,"Frost"
"210","FROST",53,"FROST"
"211","Frost/Freeze",1,"Frost/Freeze"
"212","FROST/FREEZE",1342,"FROST/FREEZE"
"213","FROST\FREEZE",1,"FROST\FREEZE"
"214","FUNNEL",46,"FUNNEL"
"215","Funnel Cloud",5,"Funnel Cloud"
"216","FUNNEL CLOUD",6839,"FUNNEL CLOUD"
"217","FUNNEL CLOUD.",1,"FUNNEL CLOUD."
"218","FUNNEL CLOUD/HAIL",1,"FUNNEL CLOUD/HAIL"
"219","FUNNEL CLOUDS",87,"FUNNEL CLOUDS"
"220","FUNNELS",1,"FUNNELS"
"221","Glaze",11,"Glaze"
"222","GLAZE",32,"GLAZE"
"223","GLAZE ICE",2,"GLAZE ICE"
"224","GLAZE/ICE STORM",1,"GLAZE/ICE STORM"
"225","gradient wind",2,"gradient wind"
"226","Gradient wind",4,"Gradient wind"
"227","GRADIENT WIND",3,"GRADIENT WIND"
"228","GRADIENT WINDS",8,"GRADIENT WINDS"
"229","GRASS FIRES",1,"GRASS FIRES"
"230","GROUND BLIZZARD",2,"GROUND BLIZZARD"
"231","GUSTNADO",6,"GUSTNADO"
"232","GUSTNADO AND",1,"GUSTNADO AND"
"233","GUSTY LAKE WIND",1,"GUSTY LAKE WIND"
"234","GUSTY THUNDERSTORM WIND",3,"GUSTY THUNDERSTORM WIND"
"235","GUSTY THUNDERSTORM WINDS",5,"GUSTY THUNDERSTORM WINDS"
"236","Gusty Wind",1,"Gusty Wind"
"237","GUSTY WIND",23,"GUSTY WIND"
"238","GUSTY WIND/HAIL",1,"GUSTY WIND/HAIL"
"239","GUSTY WIND/HVY RAIN",1,"GUSTY WIND/HVY RAIN"
"240","Gusty wind/rain",1,"Gusty wind/rain"
"241","Gusty winds",2,"Gusty winds"
"242","Gusty Winds",10,"Gusty Winds"
"243","GUSTY WINDS",53,"GUSTY WINDS"
"244","HAIL",288661,"HAIL"
"245","HAIL 0.75",18,"HAIL 0.75"
"246","HAIL 0.88",1,"HAIL 0.88"
"247","HAIL 075",1,"HAIL 075"
"248","HAIL 088",1,"HAIL 088"
"249","HAIL 1.00",6,"HAIL 1.00"
"250","HAIL 1.75",4,"HAIL 1.75"
"251","HAIL 1.75)",1,"HAIL 1.75)"
"252","HAIL 100",13,"HAIL 100"
"253","HAIL 125",1,"HAIL 125"
"254","HAIL 150",2,"HAIL 150"
"255","HAIL 175",13,"HAIL 175"
"256","HAIL 200",1,"HAIL 200"
"257","HAIL 225",1,"HAIL 225"
"258","HAIL 275",3,"HAIL 275"
"259","HAIL 450",1,"HAIL 450"
"260","HAIL 75",29,"HAIL 75"
"261","HAIL 80",2,"HAIL 80"
"262","HAIL 88",1,"HAIL 88"
"263","HAIL ALOFT",1,"HAIL ALOFT"
"264","HAIL DAMAGE",2,"HAIL DAMAGE"
"265","HAIL FLOODING",1,"HAIL FLOODING"
"266","HAIL STORM",1,"HAIL STORM"
"267","Hail(0.75)",1,"Hail(0.75)"
"268","HAIL/ICY ROADS",1,"HAIL/ICY ROADS"
"269","HAIL/WIND",3,"HAIL/WIND"
"270","HAIL/WINDS",2,"HAIL/WINDS"
"271","HAILSTORM",3,"HAILSTORM"
"272","HAILSTORMS",1,"HAILSTORMS"
"273","HARD FREEZE",7,"HARD FREEZE"
"274","HAZARDOUS SURF",1,"HAZARDOUS SURF"
"275","HEAT",767,"HEAT"
"276","HEAT DROUGHT",1,"HEAT DROUGHT"
"277","Heat Wave",1,"Heat Wave"
"278","HEAT WAVE",74,"HEAT WAVE"
"279","HEAT WAVE DROUGHT",1,"HEAT WAVE DROUGHT"
"280","HEAT WAVES",2,"HEAT WAVES"
"281","HEAT/DROUGHT",1,"HEAT/DROUGHT"
"282","Heatburst",1,"Heatburst"
"283","HEAVY LAKE SNOW",25,"HEAVY LAKE SNOW"
"284","HEAVY MIX",8,"HEAVY MIX"
"285","HEAVY PRECIPATATION",1,"HEAVY PRECIPATATION"
"286","Heavy Precipitation",2,"Heavy Precipitation"
"287","HEAVY PRECIPITATION",1,"HEAVY PRECIPITATION"
"288","Heavy rain",3,"Heavy rain"
"289","Heavy Rain",16,"Heavy Rain"
"290","HEAVY RAIN",11723,"HEAVY RAIN"
"291","HEAVY RAIN AND FLOOD",1,"HEAVY RAIN AND FLOOD"
"292","Heavy Rain and Wind",4,"Heavy Rain and Wind"
"293","HEAVY RAIN EFFECTS",1,"HEAVY RAIN EFFECTS"
"294","HEAVY RAIN; URBAN FLOOD WINDS;",1,"HEAVY RAIN; URBAN FLOOD WINDS;"
"295","HEAVY RAIN/FLOODING",2,"HEAVY RAIN/FLOODING"
"296","Heavy Rain/High Surf",1,"Heavy Rain/High Surf"
"297","HEAVY RAIN/LIGHTNING",1,"HEAVY RAIN/LIGHTNING"
"298","HEAVY RAIN/MUDSLIDES/FLOOD",1,"HEAVY RAIN/MUDSLIDES/FLOOD"
"299","HEAVY RAIN/SEVERE WEATHER",2,"HEAVY RAIN/SEVERE WEATHER"
"300","HEAVY RAIN/SMALL STREAM URBAN",1,"HEAVY RAIN/SMALL STREAM URBAN"
"301","HEAVY RAIN/SNOW",1,"HEAVY RAIN/SNOW"
"302","HEAVY RAIN/URBAN FLOOD",1,"HEAVY RAIN/URBAN FLOOD"
"303","HEAVY RAIN/WIND",4,"HEAVY RAIN/WIND"
"304","HEAVY RAINFALL",3,"HEAVY RAINFALL"
"305","HEAVY RAINS",26,"HEAVY RAINS"
"306","HEAVY RAINS/FLOODING",9,"HEAVY RAINS/FLOODING"
"307","HEAVY SEAS",2,"HEAVY SEAS"
"308","HEAVY SHOWER",2,"HEAVY SHOWER"
"309","HEAVY SHOWERS",1,"HEAVY SHOWERS"
"310","HEAVY SNOW",15708,"HEAVY SNOW"
"311","HEAVY SNOW   FREEZING RAIN",1,"HEAVY SNOW   FREEZING RAIN"
"312","HEAVY SNOW & ICE",1,"HEAVY SNOW & ICE"
"313","HEAVY SNOW AND",1,"HEAVY SNOW AND"
"314","HEAVY SNOW AND HIGH WINDS",2,"HEAVY SNOW AND HIGH WINDS"
"315","HEAVY SNOW AND ICE",2,"HEAVY SNOW AND ICE"
"316","HEAVY SNOW AND ICE STORM",2,"HEAVY SNOW AND ICE STORM"
"317","HEAVY SNOW AND STRONG WINDS",1,"HEAVY SNOW AND STRONG WINDS"
"318","HEAVY SNOW ANDBLOWING SNOW",1,"HEAVY SNOW ANDBLOWING SNOW"
"319","Heavy snow shower",1,"Heavy snow shower"
"320","HEAVY SNOW SQUALLS",32,"HEAVY SNOW SQUALLS"
"321","HEAVY SNOW-SQUALLS",15,"HEAVY SNOW-SQUALLS"
"322","HEAVY SNOW/BLIZZARD",3,"HEAVY SNOW/BLIZZARD"
"323","HEAVY SNOW/BLIZZARD/AVALANCHE",1,"HEAVY SNOW/BLIZZARD/AVALANCHE"
"324","HEAVY SNOW/BLOWING SNOW",1,"HEAVY SNOW/BLOWING SNOW"
"325","HEAVY SNOW/FREEZING RAIN",2,"HEAVY SNOW/FREEZING RAIN"
"326","HEAVY SNOW/HIGH",1,"HEAVY SNOW/HIGH"
"327","HEAVY SNOW/HIGH WIND",1,"HEAVY SNOW/HIGH WIND"
"328","HEAVY SNOW/HIGH WINDS",1,"HEAVY SNOW/HIGH WINDS"
"329","HEAVY SNOW/HIGH WINDS & FLOOD",1,"HEAVY SNOW/HIGH WINDS & FLOOD"
"330","HEAVY SNOW/HIGH WINDS/FREEZING",1,"HEAVY SNOW/HIGH WINDS/FREEZING"
"331","HEAVY SNOW/ICE",5,"HEAVY SNOW/ICE"
"332","HEAVY SNOW/ICE STORM",2,"HEAVY SNOW/ICE STORM"
"333","HEAVY SNOW/SLEET",1,"HEAVY SNOW/SLEET"
"334","HEAVY SNOW/SQUALLS",2,"HEAVY SNOW/SQUALLS"
"335","HEAVY SNOW/WIND",1,"HEAVY SNOW/WIND"
"336","HEAVY SNOW/WINTER STORM",1,"HEAVY SNOW/WINTER STORM"
"337","HEAVY SNOWPACK",1,"HEAVY SNOWPACK"
"338","Heavy Surf",3,"Heavy Surf"
"339","HEAVY SURF",84,"HEAVY SURF"
"340","Heavy surf and wind",1,"Heavy surf and wind"
"341","HEAVY SURF COASTAL FLOODING",1,"HEAVY SURF COASTAL FLOODING"
"342","HEAVY SURF/HIGH SURF",228,"HEAVY SURF/HIGH SURF"
"343","HEAVY SWELLS",1,"HEAVY SWELLS"
"344","HEAVY WET SNOW",1,"HEAVY WET SNOW"
"345","HIGH",1,"HIGH"
"346","HIGH  SWELLS",1,"HIGH  SWELLS"
"347","HIGH  WINDS",1,"HIGH  WINDS"
"348","HIGH SEAS",8,"HIGH SEAS"
"349","High Surf",9,"High Surf"
"350","HIGH SURF",725,"HIGH SURF"
"351","HIGH SURF ADVISORIES",1,"HIGH SURF ADVISORIES"
"352","HIGH SURF ADVISORY",4,"HIGH SURF ADVISORY"
"353","HIGH SWELLS",5,"HIGH SWELLS"
"354","HIGH TEMPERATURE RECORD",3,"HIGH TEMPERATURE RECORD"
"355","HIGH TIDES",2,"HIGH TIDES"
"356","HIGH WATER",6,"HIGH WATER"
"357","HIGH WAVES",3,"HIGH WAVES"
"358","High Wind",2,"High Wind"
"359","HIGH WIND",20212,"HIGH WIND"
"360","HIGH WIND (G40)",2,"HIGH WIND (G40)"
"361","HIGH WIND 48",1,"HIGH WIND 48"
"362","HIGH WIND 63",1,"HIGH WIND 63"
"363","HIGH WIND 70",1,"HIGH WIND 70"
"364","HIGH WIND AND HEAVY SNOW",1,"HIGH WIND AND HEAVY SNOW"
"365","HIGH WIND AND HIGH TIDES",2,"HIGH WIND AND HIGH TIDES"
"366","HIGH WIND AND SEAS",1,"HIGH WIND AND SEAS"
"367","HIGH WIND DAMAGE",2,"HIGH WIND DAMAGE"
"368","HIGH WIND/ BLIZZARD",1,"HIGH WIND/ BLIZZARD"
"369","HIGH WIND/BLIZZARD",6,"HIGH WIND/BLIZZARD"
"370","HIGH WIND/BLIZZARD/FREEZING RA",1,"HIGH WIND/BLIZZARD/FREEZING RA"
"371","HIGH WIND/HEAVY SNOW",3,"HIGH WIND/HEAVY SNOW"
"372","HIGH WIND/LOW WIND CHILL",1,"HIGH WIND/LOW WIND CHILL"
"373","HIGH WIND/SEAS",1,"HIGH WIND/SEAS"
"374","HIGH WIND/WIND CHILL",1,"HIGH WIND/WIND CHILL"
"375","HIGH WIND/WIND CHILL/BLIZZARD",1,"HIGH WIND/WIND CHILL/BLIZZARD"
"376","HIGH WINDS",1533,"HIGH WINDS"
"377","HIGH WINDS 55",1,"HIGH WINDS 55"
"378","HIGH WINDS 57",1,"HIGH WINDS 57"
"379","HIGH WINDS 58",1,"HIGH WINDS 58"
"380","HIGH WINDS 63",2,"HIGH WINDS 63"
"381","HIGH WINDS 66",2,"HIGH WINDS 66"
"382","HIGH WINDS 67",1,"HIGH WINDS 67"
"383","HIGH WINDS 73",1,"HIGH WINDS 73"
"384","HIGH WINDS 76",1,"HIGH WINDS 76"
"385","HIGH WINDS 80",2,"HIGH WINDS 80"
"386","HIGH WINDS 82",1,"HIGH WINDS 82"
"387","HIGH WINDS AND WIND CHILL",1,"HIGH WINDS AND WIND CHILL"
"388","HIGH WINDS DUST STORM",1,"HIGH WINDS DUST STORM"
"389","HIGH WINDS HEAVY RAINS",1,"HIGH WINDS HEAVY RAINS"
"390","HIGH WINDS/",1,"HIGH WINDS/"
"391","HIGH WINDS/COASTAL FLOOD",1,"HIGH WINDS/COASTAL FLOOD"
"392","HIGH WINDS/COLD",5,"HIGH WINDS/COLD"
"393","HIGH WINDS/FLOODING",1,"HIGH WINDS/FLOODING"
"394","HIGH WINDS/HEAVY RAIN",1,"HIGH WINDS/HEAVY RAIN"
"395","HIGH WINDS/SNOW",3,"HIGH WINDS/SNOW"
"396","HIGHWAY FLOODING",1,"HIGHWAY FLOODING"
"397","Hot and Dry",2,"Hot and Dry"
"398","HOT PATTERN",1,"HOT PATTERN"
"399","HOT SPELL",2,"HOT SPELL"
"400","HOT WEATHER",1,"HOT WEATHER"
"401","HOT/DRY PATTERN",1,"HOT/DRY PATTERN"
"402","HURRICANE",174,"HURRICANE"
"403","Hurricane Edouard",2,"Hurricane Edouard"
"404","HURRICANE EMILY",1,"HURRICANE EMILY"
"405","HURRICANE ERIN",7,"HURRICANE ERIN"
"406","HURRICANE FELIX",2,"HURRICANE FELIX"
"407","HURRICANE GORDON",1,"HURRICANE GORDON"
"408","HURRICANE OPAL",9,"HURRICANE OPAL"
"409","HURRICANE OPAL/HIGH WINDS",1,"HURRICANE OPAL/HIGH WINDS"
"410","HURRICANE-GENERATED SWELLS",3,"HURRICANE-GENERATED SWELLS"
"411","HURRICANE/TYPHOON",88,"HURRICANE/TYPHOON"
"412","HVY RAIN",2,"HVY RAIN"
"413","HYPERTHERMIA/EXPOSURE",1,"HYPERTHERMIA/EXPOSURE"
"414","HYPOTHERMIA",1,"HYPOTHERMIA"
"415","Hypothermia/Exposure",3,"Hypothermia/Exposure"
"416","HYPOTHERMIA/EXPOSURE",3,"HYPOTHERMIA/EXPOSURE"
"417","ICE",61,"ICE"
"418","ICE AND SNOW",1,"ICE AND SNOW"
"419","ICE FLOES",2,"ICE FLOES"
"420","Ice Fog",2,"Ice Fog"
"421","ICE JAM",4,"ICE JAM"
"422","Ice jam flood (minor",1,"Ice jam flood (minor"
"423","ICE JAM FLOODING",5,"ICE JAM FLOODING"
"424","ICE ON ROAD",1,"ICE ON ROAD"
"425","ICE PELLETS",1,"ICE PELLETS"
"426","ICE ROADS",1,"ICE ROADS"
"427","ICE STORM",2006,"ICE STORM"
"428","ICE STORM AND SNOW",1,"ICE STORM AND SNOW"
"429","ICE STORM/FLASH FLOOD",1,"ICE STORM/FLASH FLOOD"
"430","Ice/Snow",2,"Ice/Snow"
"431","ICE/SNOW",3,"ICE/SNOW"
"432","ICE/STRONG WINDS",1,"ICE/STRONG WINDS"
"433","Icestorm/Blizzard",1,"Icestorm/Blizzard"
"434","Icy Roads",4,"Icy Roads"
"435","ICY ROADS",28,"ICY ROADS"
"436","LACK OF SNOW",1,"LACK OF SNOW"
"437","Lake Effect Snow",2,"Lake Effect Snow"
"438","LAKE EFFECT SNOW",21,"LAKE EFFECT SNOW"
"439","LAKE FLOOD",1,"LAKE FLOOD"
"440","LAKE-EFFECT SNOW",636,"LAKE-EFFECT SNOW"
"441","LAKESHORE FLOOD",23,"LAKESHORE FLOOD"
"442","LANDSLIDE",600,"LANDSLIDE"
"443","LANDSLIDE/URBAN FLOOD",1,"LANDSLIDE/URBAN FLOOD"
"444","LANDSLIDES",8,"LANDSLIDES"
"445","Landslump",1,"Landslump"
"446","LANDSLUMP",1,"LANDSLUMP"
"447","LANDSPOUT",2,"LANDSPOUT"
"448","LARGE WALL CLOUD",1,"LARGE WALL CLOUD"
"449","LATE FREEZE",1,"LATE FREEZE"
"450","LATE SEASON HAIL",1,"LATE SEASON HAIL"
"451","LATE SEASON SNOW",1,"LATE SEASON SNOW"
"452","Late Season Snowfall",2,"Late Season Snowfall"
"453","LATE SNOW",2,"LATE SNOW"
"454","Late-season Snowfall",1,"Late-season Snowfall"
"455","LIGHT FREEZING RAIN",23,"LIGHT FREEZING RAIN"
"456","Light snow",1,"Light snow"
"457","Light Snow",21,"Light Snow"
"458","LIGHT SNOW",154,"LIGHT SNOW"
"459","LIGHT SNOW AND SLEET",2,"LIGHT SNOW AND SLEET"
"460","Light Snow/Flurries",3,"Light Snow/Flurries"
"461","LIGHT SNOW/FREEZING PRECIP",1,"LIGHT SNOW/FREEZING PRECIP"
"462","Light Snowfall",1,"Light Snowfall"
"463","LIGHTING",3,"LIGHTING"
"464","LIGHTNING",15754,"LIGHTNING"
"465","LIGHTNING  WAUSEON",1,"LIGHTNING  WAUSEON"
"466","LIGHTNING AND HEAVY RAIN",1,"LIGHTNING AND HEAVY RAIN"
"467","LIGHTNING AND THUNDERSTORM WIN",1,"LIGHTNING AND THUNDERSTORM WIN"
"468","LIGHTNING AND WINDS",1,"LIGHTNING AND WINDS"
"469","LIGHTNING DAMAGE",1,"LIGHTNING DAMAGE"
"470","LIGHTNING FIRE",1,"LIGHTNING FIRE"
"471","LIGHTNING INJURY",1,"LIGHTNING INJURY"
"472","LIGHTNING THUNDERSTORM WINDS",1,"LIGHTNING THUNDERSTORM WINDS"
"473","LIGHTNING THUNDERSTORM WINDSS",1,"LIGHTNING THUNDERSTORM WINDSS"
"474","LIGHTNING.",1,"LIGHTNING."
"475","LIGHTNING/HEAVY RAIN",1,"LIGHTNING/HEAVY RAIN"
"476","LIGNTNING",1,"LIGNTNING"
"477","LOCAL FLASH FLOOD",1,"LOCAL FLASH FLOOD"
"478","LOCAL FLOOD",1,"LOCAL FLOOD"
"479","LOCALLY HEAVY RAIN",1,"LOCALLY HEAVY RAIN"
"480","LOW TEMPERATURE",7,"LOW TEMPERATURE"
"481","LOW TEMPERATURE RECORD",1,"LOW TEMPERATURE RECORD"
"482","LOW WIND CHILL",1,"LOW WIND CHILL"
"483","MAJOR FLOOD",3,"MAJOR FLOOD"
"484","Marine Accident",1,"Marine Accident"
"485","MARINE HAIL",442,"MARINE HAIL"
"486","MARINE HIGH WIND",135,"MARINE HIGH WIND"
"487","MARINE MISHAP",2,"MARINE MISHAP"
"488","MARINE STRONG WIND",48,"MARINE STRONG WIND"
"489","MARINE THUNDERSTORM WIND",5812,"MARINE THUNDERSTORM WIND"
"490","MARINE TSTM WIND",6175,"MARINE TSTM WIND"
"491","Metro Storm, May 26",1,"Metro Storm, May 26"
"492","Microburst",4,"Microburst"
"493","MICROBURST",5,"MICROBURST"
"494","MICROBURST WINDS",5,"MICROBURST WINDS"
"495","Mild and Dry Pattern",1,"Mild and Dry Pattern"
"496","MILD PATTERN",1,"MILD PATTERN"
"497","MILD/DRY PATTERN",1,"MILD/DRY PATTERN"
"498","MINOR FLOOD",1,"MINOR FLOOD"
"499","Minor Flooding",1,"Minor Flooding"
"500","MINOR FLOODING",3,"MINOR FLOODING"
"501","MIXED PRECIP",10,"MIXED PRECIP"
"502","Mixed Precipitation",3,"Mixed Precipitation"
"503","MIXED PRECIPITATION",34,"MIXED PRECIPITATION"
"504","MODERATE SNOW",1,"MODERATE SNOW"
"505","MODERATE SNOWFALL",101,"MODERATE SNOWFALL"
"506","MONTHLY PRECIPITATION",36,"MONTHLY PRECIPITATION"
"507","Monthly Rainfall",2,"Monthly Rainfall"
"508","MONTHLY RAINFALL",11,"MONTHLY RAINFALL"
"509","Monthly Snowfall",1,"Monthly Snowfall"
"510","MONTHLY SNOWFALL",1,"MONTHLY SNOWFALL"
"511","MONTHLY TEMPERATURE",4,"MONTHLY TEMPERATURE"
"512","Mountain Snows",1,"Mountain Snows"
"513","MUD SLIDE",7,"MUD SLIDE"
"514","MUD SLIDES",1,"MUD SLIDES"
"515","MUD SLIDES URBAN FLOODING",1,"MUD SLIDES URBAN FLOODING"
"516","MUD/ROCK SLIDE",1,"MUD/ROCK SLIDE"
"517","Mudslide",8,"Mudslide"
"518","MUDSLIDE",9,"MUDSLIDE"
"519","MUDSLIDE/LANDSLIDE",1,"MUDSLIDE/LANDSLIDE"
"520","Mudslides",5,"Mudslides"
"521","MUDSLIDES",4,"MUDSLIDES"
"522","NEAR RECORD SNOW",1,"NEAR RECORD SNOW"
"523","No Severe Weather",1,"No Severe Weather"
"524","NON SEVERE HAIL",7,"NON SEVERE HAIL"
"525","NON TSTM WIND",2,"NON TSTM WIND"
"526","NON-SEVERE WIND DAMAGE",1,"NON-SEVERE WIND DAMAGE"
"527","NON-TSTM WIND",1,"NON-TSTM WIND"
"528","NONE",2,"NONE"
"529","NORMAL PRECIPITATION",3,"NORMAL PRECIPITATION"
"530","NORTHERN LIGHTS",1,"NORTHERN LIGHTS"
"531","Other",4,"Other"
"532","OTHER",48,"OTHER"
"533","PATCHY DENSE FOG",3,"PATCHY DENSE FOG"
"534","PATCHY ICE",1,"PATCHY ICE"
"535","Prolong Cold",5,"Prolong Cold"
"536","PROLONG COLD",17,"PROLONG COLD"
"537","PROLONG COLD/SNOW",1,"PROLONG COLD/SNOW"
"538","PROLONG WARMTH",4,"PROLONG WARMTH"
"539","PROLONGED RAIN",4,"PROLONGED RAIN"
"540","RAIN",16,"RAIN"
"541","RAIN (HEAVY)",1,"RAIN (HEAVY)"
"542","RAIN AND WIND",1,"RAIN AND WIND"
"543","Rain Damage",1,"Rain Damage"
"544","RAIN/SNOW",5,"RAIN/SNOW"
"545","RAIN/WIND",1,"RAIN/WIND"
"546","RAINSTORM",1,"RAINSTORM"
"547","RAPIDLY RISING WATER",1,"RAPIDLY RISING WATER"
"548","RECORD  COLD",1,"RECORD  COLD"
"549","Record Cold",3,"Record Cold"
"550","RECORD COLD",64,"RECORD COLD"
"551","RECORD COLD AND HIGH WIND",1,"RECORD COLD AND HIGH WIND"
"552","RECORD COLD/FROST",2,"RECORD COLD/FROST"
"553","RECORD COOL",5,"RECORD COOL"
"554","Record dry month",1,"Record dry month"
"555","RECORD DRYNESS",2,"RECORD DRYNESS"
"556","Record Heat",1,"Record Heat"
"557","RECORD HEAT",81,"RECORD HEAT"
"558","RECORD HEAT WAVE",1,"RECORD HEAT WAVE"
"559","Record High",2,"Record High"
"560","RECORD HIGH",5,"RECORD HIGH"
"561","RECORD HIGH TEMPERATURE",3,"RECORD HIGH TEMPERATURE"
"562","RECORD HIGH TEMPERATURES",1,"RECORD HIGH TEMPERATURES"
"563","RECORD LOW",4,"RECORD LOW"
"564","RECORD LOW RAINFALL",2,"RECORD LOW RAINFALL"
"565","Record May Snow",1,"Record May Snow"
"566","RECORD PRECIPITATION",1,"RECORD PRECIPITATION"
"567","RECORD RAINFALL",14,"RECORD RAINFALL"
"568","RECORD SNOW",8,"RECORD SNOW"
"569","RECORD SNOW/COLD",1,"RECORD SNOW/COLD"
"570","RECORD SNOWFALL",6,"RECORD SNOWFALL"
"571","Record temperature",11,"Record temperature"
"572","RECORD TEMPERATURE",5,"RECORD TEMPERATURE"
"573","Record Temperatures",2,"Record Temperatures"
"574","RECORD TEMPERATURES",3,"RECORD TEMPERATURES"
"575","RECORD WARM",1,"RECORD WARM"
"576","RECORD WARM TEMPS.",1,"RECORD WARM TEMPS."
"577","Record Warmth",8,"Record Warmth"
"578","RECORD WARMTH",146,"RECORD WARMTH"
"579","Record Winter Snow",3,"Record Winter Snow"
"580","RECORD/EXCESSIVE HEAT",3,"RECORD/EXCESSIVE HEAT"
"581","RECORD/EXCESSIVE RAINFALL",1,"RECORD/EXCESSIVE RAINFALL"
"582","RED FLAG CRITERIA",2,"RED FLAG CRITERIA"
"583","RED FLAG FIRE WX",2,"RED FLAG FIRE WX"
"584","REMNANTS OF FLOYD",2,"REMNANTS OF FLOYD"
"585","RIP CURRENT",470,"RIP CURRENT"
"586","RIP CURRENTS",304,"RIP CURRENTS"
"587","RIP CURRENTS HEAVY SURF",1,"RIP CURRENTS HEAVY SURF"
"588","RIP CURRENTS/HEAVY SURF",2,"RIP CURRENTS/HEAVY SURF"
"589","RIVER AND STREAM FLOOD",2,"RIVER AND STREAM FLOOD"
"590","RIVER FLOOD",173,"RIVER FLOOD"
"591","River Flooding",5,"River Flooding"
"592","RIVER FLOODING",24,"RIVER FLOODING"
"593","ROCK SLIDE",2,"ROCK SLIDE"
"594","ROGUE WAVE",1,"ROGUE WAVE"
"595","ROTATING WALL CLOUD",5,"ROTATING WALL CLOUD"
"596","ROUGH SEAS",3,"ROUGH SEAS"
"597","ROUGH SURF",4,"ROUGH SURF"
"598","RURAL FLOOD",2,"RURAL FLOOD"
"599","Saharan Dust",2,"Saharan Dust"
"600","SAHARAN DUST",2,"SAHARAN DUST"
"601","Seasonal Snowfall",1,"Seasonal Snowfall"
"602","SEICHE",21,"SEICHE"
"603","SEVERE COLD",1,"SEVERE COLD"
"604","SEVERE THUNDERSTORM",13,"SEVERE THUNDERSTORM"
"605","SEVERE THUNDERSTORM WINDS",5,"SEVERE THUNDERSTORM WINDS"
"606","SEVERE THUNDERSTORMS",23,"SEVERE THUNDERSTORMS"
"607","SEVERE TURBULENCE",1,"SEVERE TURBULENCE"
"608","SLEET",59,"SLEET"
"609","SLEET & FREEZING RAIN",1,"SLEET & FREEZING RAIN"
"610","SLEET STORM",12,"SLEET STORM"
"611","SLEET/FREEZING RAIN",2,"SLEET/FREEZING RAIN"
"612","SLEET/ICE STORM",1,"SLEET/ICE STORM"
"613","SLEET/RAIN/SNOW",1,"SLEET/RAIN/SNOW"
"614","SLEET/SNOW",2,"SLEET/SNOW"
"615","small hail",5,"small hail"
"616","Small Hail",1,"Small Hail"
"617","SMALL HAIL",47,"SMALL HAIL"
"618","SMALL STREAM",1,"SMALL STREAM"
"619","SMALL STREAM AND",1,"SMALL STREAM AND"
"620","SMALL STREAM AND URBAN FLOOD",2,"SMALL STREAM AND URBAN FLOOD"
"621","SMALL STREAM AND URBAN FLOODIN",1,"SMALL STREAM AND URBAN FLOODIN"
"622","SMALL STREAM FLOOD",7,"SMALL STREAM FLOOD"
"623","SMALL STREAM FLOODING",4,"SMALL STREAM FLOODING"
"624","SMALL STREAM URBAN FLOOD",1,"SMALL STREAM URBAN FLOOD"
"625","SMALL STREAM/URBAN FLOOD",5,"SMALL STREAM/URBAN FLOOD"
"626","Sml Stream Fld",2,"Sml Stream Fld"
"627","SMOKE",11,"SMOKE"
"628","Snow",30,"Snow"
"629","SNOW",587,"SNOW"
"630","Snow Accumulation",1,"Snow Accumulation"
"631","SNOW ACCUMULATION",1,"SNOW ACCUMULATION"
"632","SNOW ADVISORY",1,"SNOW ADVISORY"
"633","SNOW AND COLD",2,"SNOW AND COLD"
"634","SNOW AND HEAVY SNOW",2,"SNOW AND HEAVY SNOW"
"635","Snow and Ice",1,"Snow and Ice"
"636","SNOW AND ICE",33,"SNOW AND ICE"
"637","SNOW AND ICE STORM",1,"SNOW AND ICE STORM"
"638","Snow and sleet",1,"Snow and sleet"
"639","SNOW AND SLEET",4,"SNOW AND SLEET"
"640","SNOW AND WIND",1,"SNOW AND WIND"
"641","SNOW DROUGHT",7,"SNOW DROUGHT"
"642","SNOW FREEZING RAIN",11,"SNOW FREEZING RAIN"
"643","SNOW SHOWERS",6,"SNOW SHOWERS"
"644","SNOW SLEET",1,"SNOW SLEET"
"645","SNOW SQUALL",19,"SNOW SQUALL"
"646","Snow squalls",1,"Snow squalls"
"647","Snow Squalls",4,"Snow Squalls"
"648","SNOW SQUALLS",17,"SNOW SQUALLS"
"649","SNOW- HIGH WIND- WIND CHILL",1,"SNOW- HIGH WIND- WIND CHILL"
"650","SNOW/ BITTER COLD",1,"SNOW/ BITTER COLD"
"651","SNOW/ ICE",1,"SNOW/ ICE"
"652","SNOW/BLOWING SNOW",7,"SNOW/BLOWING SNOW"
"653","SNOW/COLD",2,"SNOW/COLD"
"654","SNOW/FREEZING RAIN",6,"SNOW/FREEZING RAIN"
"655","SNOW/HEAVY SNOW",1,"SNOW/HEAVY SNOW"
"656","SNOW/HIGH WINDS",2,"SNOW/HIGH WINDS"
"657","SNOW/ICE",7,"SNOW/ICE"
"658","SNOW/ICE STORM",17,"SNOW/ICE STORM"
"659","SNOW/RAIN",1,"SNOW/RAIN"
"660","SNOW/RAIN/SLEET",1,"SNOW/RAIN/SLEET"
"661","SNOW/SLEET",10,"SNOW/SLEET"
"662","SNOW/SLEET/FREEZING RAIN",6,"SNOW/SLEET/FREEZING RAIN"
"663","SNOW/SLEET/RAIN",1,"SNOW/SLEET/RAIN"
"664","SNOW\COLD",1,"SNOW\COLD"
"665","SNOWFALL RECORD",1,"SNOWFALL RECORD"
"666","SNOWMELT FLOODING",5,"SNOWMELT FLOODING"
"667","SNOWSTORM",1,"SNOWSTORM"
"668","SOUTHEAST",1,"SOUTHEAST"
"669","STORM FORCE WINDS",1,"STORM FORCE WINDS"
"670","STORM SURGE",261,"STORM SURGE"
"671","STORM SURGE/TIDE",148,"STORM SURGE/TIDE"
"672","STREAM FLOODING",1,"STREAM FLOODING"
"673","STREET FLOOD",3,"STREET FLOOD"
"674","STREET FLOODING",3,"STREET FLOODING"
"675","Strong Wind",3,"Strong Wind"
"676","STRONG WIND",3566,"STRONG WIND"
"677","STRONG WIND GUST",2,"STRONG WIND GUST"
"678","Strong winds",1,"Strong winds"
"679","Strong Winds",7,"Strong Winds"
"680","STRONG WINDS",196,"STRONG WINDS"
"681","Summary August 10",2,"Summary August 10"
"682","Summary August 11",2,"Summary August 11"
"683","Summary August 17",1,"Summary August 17"
"684","Summary August 2-3",1,"Summary August 2-3"
"685","Summary August 21",1,"Summary August 21"
"686","Summary August 28",1,"Summary August 28"
"687","Summary August 4",1,"Summary August 4"
"688","Summary August 7",1,"Summary August 7"
"689","Summary August 9",1,"Summary August 9"
"690","Summary Jan 17",1,"Summary Jan 17"
"691","Summary July 23-24",1,"Summary July 23-24"
"692","Summary June 18-19",1,"Summary June 18-19"
"693","Summary June 5-6",1,"Summary June 5-6"
"694","Summary June 6",1,"Summary June 6"
"695","Summary of April 12",2,"Summary of April 12"
"696","Summary of April 13",1,"Summary of April 13"
"697","Summary of April 21",2,"Summary of April 21"
"698","Summary of April 27",1,"Summary of April 27"
"699","Summary of April 3rd",1,"Summary of April 3rd"
"700","Summary of August 1",1,"Summary of August 1"
"701","Summary of July 11",1,"Summary of July 11"
"702","Summary of July 2",1,"Summary of July 2"
"703","Summary of July 22",1,"Summary of July 22"
"704","Summary of July 26",1,"Summary of July 26"
"705","Summary of July 29",1,"Summary of July 29"
"706","Summary of July 3",1,"Summary of July 3"
"707","Summary of June 10",1,"Summary of June 10"
"708","Summary of June 11",1,"Summary of June 11"
"709","Summary of June 12",1,"Summary of June 12"
"710","Summary of June 13",2,"Summary of June 13"
"711","Summary of June 15",1,"Summary of June 15"
"712","Summary of June 16",1,"Summary of June 16"
"713","Summary of June 18",1,"Summary of June 18"
"714","Summary of June 23",1,"Summary of June 23"
"715","Summary of June 24",1,"Summary of June 24"
"716","Summary of June 3",2,"Summary of June 3"
"717","Summary of June 30",1,"Summary of June 30"
"718","Summary of June 4",1,"Summary of June 4"
"719","Summary of June 6",1,"Summary of June 6"
"720","Summary of March 14",1,"Summary of March 14"
"721","Summary of March 23",2,"Summary of March 23"
"722","Summary of March 24",1,"Summary of March 24"
"723","SUMMARY OF MARCH 24-25",1,"SUMMARY OF MARCH 24-25"
"724","SUMMARY OF MARCH 27",1,"SUMMARY OF MARCH 27"
"725","SUMMARY OF MARCH 29",1,"SUMMARY OF MARCH 29"
"726","Summary of May 10",1,"Summary of May 10"
"727","Summary of May 13",1,"Summary of May 13"
"728","Summary of May 14",1,"Summary of May 14"
"729","Summary of May 22",1,"Summary of May 22"
"730","Summary of May 22 am",1,"Summary of May 22 am"
"731","Summary of May 22 pm",1,"Summary of May 22 pm"
"732","Summary of May 26 am",1,"Summary of May 26 am"
"733","Summary of May 26 pm",1,"Summary of May 26 pm"
"734","Summary of May 31 am",1,"Summary of May 31 am"
"735","Summary of May 31 pm",1,"Summary of May 31 pm"
"736","Summary of May 9-10",1,"Summary of May 9-10"
"737","Summary Sept. 25-26",1,"Summary Sept. 25-26"
"738","Summary September 20",1,"Summary September 20"
"739","Summary September 23",2,"Summary September 23"
"740","Summary September 3",1,"Summary September 3"
"741","Summary September 4",1,"Summary September 4"
"742","Summary: Nov. 16",2,"Summary: Nov. 16"
"743","Summary: Nov. 6-7",1,"Summary: Nov. 6-7"
"744","Summary: Oct. 20-21",1,"Summary: Oct. 20-21"
"745","Summary: October 31",1,"Summary: October 31"
"746","Summary: Sept. 18",1,"Summary: Sept. 18"
"747","Temperature record",43,"Temperature record"
"748","THUDERSTORM WINDS",2,"THUDERSTORM WINDS"
"749","THUNDEERSTORM WINDS",2,"THUNDEERSTORM WINDS"
"750","THUNDERESTORM WINDS",1,"THUNDERESTORM WINDS"
"751","THUNDERSNOW",1,"THUNDERSNOW"
"752","Thundersnow shower",1,"Thundersnow shower"
"753","THUNDERSTORM",45,"THUNDERSTORM"
"754","THUNDERSTORM  WINDS",7,"THUNDERSTORM  WINDS"
"755","THUNDERSTORM DAMAGE",2,"THUNDERSTORM DAMAGE"
"756","THUNDERSTORM DAMAGE TO",1,"THUNDERSTORM DAMAGE TO"
"757","THUNDERSTORM HAIL",1,"THUNDERSTORM HAIL"
"758","THUNDERSTORM W INDS",1,"THUNDERSTORM W INDS"
"759","Thunderstorm Wind",1,"Thunderstorm Wind"
"760","THUNDERSTORM WIND",82563,"THUNDERSTORM WIND"
"761","THUNDERSTORM WIND (G40)",1,"THUNDERSTORM WIND (G40)"
"762","THUNDERSTORM WIND 50",2,"THUNDERSTORM WIND 50"
"763","THUNDERSTORM WIND 52",1,"THUNDERSTORM WIND 52"
"764","THUNDERSTORM WIND 56",1,"THUNDERSTORM WIND 56"
"765","THUNDERSTORM WIND 59",1,"THUNDERSTORM WIND 59"
"766","THUNDERSTORM WIND 59 MPH",1,"THUNDERSTORM WIND 59 MPH"
"767","THUNDERSTORM WIND 59 MPH.",1,"THUNDERSTORM WIND 59 MPH."
"768","THUNDERSTORM WIND 60 MPH",4,"THUNDERSTORM WIND 60 MPH"
"769","THUNDERSTORM WIND 65 MPH",1,"THUNDERSTORM WIND 65 MPH"
"770","THUNDERSTORM WIND 65MPH",1,"THUNDERSTORM WIND 65MPH"
"771","THUNDERSTORM WIND 69",1,"THUNDERSTORM WIND 69"
"772","THUNDERSTORM WIND 98 MPH",1,"THUNDERSTORM WIND 98 MPH"
"773","THUNDERSTORM WIND G50",4,"THUNDERSTORM WIND G50"
"774","THUNDERSTORM WIND G51",1,"THUNDERSTORM WIND G51"
"775","THUNDERSTORM WIND G52",2,"THUNDERSTORM WIND G52"
"776","THUNDERSTORM WIND G55",1,"THUNDERSTORM WIND G55"
"777","THUNDERSTORM WIND G60",2,"THUNDERSTORM WIND G60"
"778","THUNDERSTORM WIND G61",1,"THUNDERSTORM WIND G61"
"779","THUNDERSTORM WIND TREES",1,"THUNDERSTORM WIND TREES"
"780","THUNDERSTORM WIND.",1,"THUNDERSTORM WIND."
"781","THUNDERSTORM WIND/ TREE",1,"THUNDERSTORM WIND/ TREE"
"782","THUNDERSTORM WIND/ TREES",4,"THUNDERSTORM WIND/ TREES"
"783","THUNDERSTORM WIND/AWNING",1,"THUNDERSTORM WIND/AWNING"
"784","THUNDERSTORM WIND/HAIL",1,"THUNDERSTORM WIND/HAIL"
"785","THUNDERSTORM WIND/LIGHTNING",1,"THUNDERSTORM WIND/LIGHTNING"
"786","THUNDERSTORM WINDS",20843,"THUNDERSTORM WINDS"
"787","THUNDERSTORM WINDS      LE CEN",1,"THUNDERSTORM WINDS      LE CEN"
"788","THUNDERSTORM WINDS 13",1,"THUNDERSTORM WINDS 13"
"789","THUNDERSTORM WINDS 2",1,"THUNDERSTORM WINDS 2"
"790","THUNDERSTORM WINDS 50",1,"THUNDERSTORM WINDS 50"
"791","THUNDERSTORM WINDS 52",1,"THUNDERSTORM WINDS 52"
"792","THUNDERSTORM WINDS 53",1,"THUNDERSTORM WINDS 53"
"793","THUNDERSTORM WINDS 60",1,"THUNDERSTORM WINDS 60"
"794","THUNDERSTORM WINDS 61",1,"THUNDERSTORM WINDS 61"
"795","THUNDERSTORM WINDS 62",1,"THUNDERSTORM WINDS 62"
"796","THUNDERSTORM WINDS 63 MPH",1,"THUNDERSTORM WINDS 63 MPH"
"797","THUNDERSTORM WINDS AND",2,"THUNDERSTORM WINDS AND"
"798","THUNDERSTORM WINDS FUNNEL CLOU",2,"THUNDERSTORM WINDS FUNNEL CLOU"
"799","THUNDERSTORM WINDS G",2,"THUNDERSTORM WINDS G"
"800","THUNDERSTORM WINDS G60",1,"THUNDERSTORM WINDS G60"
"801","THUNDERSTORM WINDS HAIL",61,"THUNDERSTORM WINDS HAIL"
"802","THUNDERSTORM WINDS HEAVY RAIN",1,"THUNDERSTORM WINDS HEAVY RAIN"
"803","THUNDERSTORM WINDS LIGHTNING",7,"THUNDERSTORM WINDS LIGHTNING"
"804","THUNDERSTORM WINDS SMALL STREA",1,"THUNDERSTORM WINDS SMALL STREA"
"805","THUNDERSTORM WINDS URBAN FLOOD",1,"THUNDERSTORM WINDS URBAN FLOOD"
"806","THUNDERSTORM WINDS.",3,"THUNDERSTORM WINDS."
"807","THUNDERSTORM WINDS/ FLOOD",2,"THUNDERSTORM WINDS/ FLOOD"
"808","THUNDERSTORM WINDS/ HAIL",1,"THUNDERSTORM WINDS/ HAIL"
"809","THUNDERSTORM WINDS/FLASH FLOOD",1,"THUNDERSTORM WINDS/FLASH FLOOD"
"810","THUNDERSTORM WINDS/FLOODING",1,"THUNDERSTORM WINDS/FLOODING"
"811","THUNDERSTORM WINDS/FUNNEL CLOU",1,"THUNDERSTORM WINDS/FUNNEL CLOU"
"812","THUNDERSTORM WINDS/HAIL",24,"THUNDERSTORM WINDS/HAIL"
"813","THUNDERSTORM WINDS/HEAVY RAIN",1,"THUNDERSTORM WINDS/HEAVY RAIN"
"814","THUNDERSTORM WINDS53",1,"THUNDERSTORM WINDS53"
"815","THUNDERSTORM WINDSHAIL",1,"THUNDERSTORM WINDSHAIL"
"816","THUNDERSTORM WINDSS",51,"THUNDERSTORM WINDSS"
"817","THUNDERSTORM WINS",1,"THUNDERSTORM WINS"
"818","THUNDERSTORMS",4,"THUNDERSTORMS"
"819","THUNDERSTORMS WIND",6,"THUNDERSTORMS WIND"
"820","THUNDERSTORMS WINDS",14,"THUNDERSTORMS WINDS"
"821","THUNDERSTORMW",1,"THUNDERSTORMW"
"822","THUNDERSTORMW 50",1,"THUNDERSTORMW 50"
"823","THUNDERSTORMW WINDS",3,"THUNDERSTORMW WINDS"
"824","THUNDERSTORMWINDS",1,"THUNDERSTORMWINDS"
"825","THUNDERSTROM WIND",1,"THUNDERSTROM WIND"
"826","THUNDERSTROM WINDS",2,"THUNDERSTROM WINDS"
"827","THUNDERTORM WINDS",3,"THUNDERTORM WINDS"
"828","THUNDERTSORM WIND",1,"THUNDERTSORM WIND"
"829","THUNDESTORM WINDS",2,"THUNDESTORM WINDS"
"830","THUNERSTORM WINDS",1,"THUNERSTORM WINDS"
"831","TIDAL FLOOD",1,"TIDAL FLOOD"
"832","Tidal Flooding",5,"Tidal Flooding"
"833","TIDAL FLOODING",20,"TIDAL FLOODING"
"834","TORNADO",60652,"TORNADO"
"835","TORNADO DEBRIS",1,"TORNADO DEBRIS"
"836","TORNADO F0",19,"TORNADO F0"
"837","TORNADO F1",4,"TORNADO F1"
"838","TORNADO F2",3,"TORNADO F2"
"839","TORNADO F3",2,"TORNADO F3"
"840","TORNADO/WATERSPOUT",1,"TORNADO/WATERSPOUT"
"841","TORNADOES",2,"TORNADOES"
"842","TORNADOES, TSTM WIND, HAIL",1,"TORNADOES, TSTM WIND, HAIL"
"843","TORNADOS",1,"TORNADOS"
"844","TORNDAO",1,"TORNDAO"
"845","TORRENTIAL RAIN",1,"TORRENTIAL RAIN"
"846","Torrential Rainfall",1,"Torrential Rainfall"
"847","TROPICAL DEPRESSION",60,"TROPICAL DEPRESSION"
"848","TROPICAL STORM",690,"TROPICAL STORM"
"849","TROPICAL STORM ALBERTO",1,"TROPICAL STORM ALBERTO"
"850","TROPICAL STORM DEAN",2,"TROPICAL STORM DEAN"
"851","TROPICAL STORM GORDON",1,"TROPICAL STORM GORDON"
"852","TROPICAL STORM JERRY",3,"TROPICAL STORM JERRY"
"853","TSTM",1,"TSTM"
"854","TSTM HEAVY RAIN",3,"TSTM HEAVY RAIN"
"855","Tstm Wind",2,"Tstm Wind"
"856","TSTM WIND",219940,"TSTM WIND"
"857","TSTM WIND  (G45)",1,"TSTM WIND  (G45)"
"858","TSTM WIND (41)",1,"TSTM WIND (41)"
"859","TSTM WIND (G35)",1,"TSTM WIND (G35)"
"860","TSTM WIND (G40)",10,"TSTM WIND (G40)"
"861","TSTM WIND (G45)",39,"TSTM WIND (G45)"
"862","TSTM WIND 40",1,"TSTM WIND 40"
"863","TSTM WIND 45",1,"TSTM WIND 45"
"864","TSTM WIND 50",1,"TSTM WIND 50"
"865","TSTM WIND 51",2,"TSTM WIND 51"
"866","TSTM WIND 52",5,"TSTM WIND 52"
"867","TSTM WIND 55",3,"TSTM WIND 55"
"868","TSTM WIND 65)",1,"TSTM WIND 65)"
"869","TSTM WIND AND LIGHTNING",1,"TSTM WIND AND LIGHTNING"
"870","TSTM WIND DAMAGE",1,"TSTM WIND DAMAGE"
"871","TSTM WIND G45",1,"TSTM WIND G45"
"872","TSTM WIND G58",1,"TSTM WIND G58"
"873","TSTM WIND/HAIL",1028,"TSTM WIND/HAIL"
"874","TSTM WINDS",6,"TSTM WINDS"
"875","TSTM WND",1,"TSTM WND"
"876","TSTMW",1,"TSTMW"
"877","TSUNAMI",20,"TSUNAMI"
"878","TUNDERSTORM WIND",1,"TUNDERSTORM WIND"
"879","TYPHOON",11,"TYPHOON"
"880","Unseasonable Cold",1,"Unseasonable Cold"
"881","UNSEASONABLY COLD",23,"UNSEASONABLY COLD"
"882","UNSEASONABLY COOL",12,"UNSEASONABLY COOL"
"883","UNSEASONABLY COOL & WET",2,"UNSEASONABLY COOL & WET"
"884","UNSEASONABLY DRY",56,"UNSEASONABLY DRY"
"885","UNSEASONABLY HOT",10,"UNSEASONABLY HOT"
"886","UNSEASONABLY WARM",126,"UNSEASONABLY WARM"
"887","UNSEASONABLY WARM & WET",1,"UNSEASONABLY WARM & WET"
"888","UNSEASONABLY WARM AND DRY",13,"UNSEASONABLY WARM AND DRY"
"889","UNSEASONABLY WARM YEAR",2,"UNSEASONABLY WARM YEAR"
"890","UNSEASONABLY WARM/WET",2,"UNSEASONABLY WARM/WET"
"891","UNSEASONABLY WET",19,"UNSEASONABLY WET"
"892","UNSEASONAL LOW TEMP",2,"UNSEASONAL LOW TEMP"
"893","UNSEASONAL RAIN",2,"UNSEASONAL RAIN"
"894","UNUSUAL WARMTH",10,"UNUSUAL WARMTH"
"895","UNUSUAL/RECORD WARMTH",2,"UNUSUAL/RECORD WARMTH"
"896","UNUSUALLY COLD",8,"UNUSUALLY COLD"
"897","UNUSUALLY LATE SNOW",1,"UNUSUALLY LATE SNOW"
"898","UNUSUALLY WARM",4,"UNUSUALLY WARM"
"899","URBAN AND SMALL",2,"URBAN AND SMALL"
"900","URBAN AND SMALL STREAM",3,"URBAN AND SMALL STREAM"
"901","URBAN AND SMALL STREAM FLOOD",3,"URBAN AND SMALL STREAM FLOOD"
"902","URBAN AND SMALL STREAM FLOODIN",6,"URBAN AND SMALL STREAM FLOODIN"
"903","Urban flood",1,"Urban flood"
"904","Urban Flood",1,"Urban Flood"
"905","URBAN FLOOD",249,"URBAN FLOOD"
"906","URBAN FLOOD LANDSLIDE",1,"URBAN FLOOD LANDSLIDE"
"907","Urban Flooding",1,"Urban Flooding"
"908","URBAN FLOODING",98,"URBAN FLOODING"
"909","URBAN FLOODS",3,"URBAN FLOODS"
"910","URBAN SMALL",1,"URBAN SMALL"
"911","URBAN SMALL STREAM FLOOD",2,"URBAN SMALL STREAM FLOOD"
"912","URBAN/SMALL",2,"URBAN/SMALL"
"913","URBAN/SMALL FLOODING",1,"URBAN/SMALL FLOODING"
"914","URBAN/SMALL STREAM",8,"URBAN/SMALL STREAM"
"915","URBAN/SMALL STREAM  FLOOD",2,"URBAN/SMALL STREAM  FLOOD"
"916","URBAN/SMALL STREAM FLOOD",30,"URBAN/SMALL STREAM FLOOD"
"917","URBAN/SMALL STREAM FLOODING",4,"URBAN/SMALL STREAM FLOODING"
"918","URBAN/SMALL STRM FLDG",1,"URBAN/SMALL STRM FLDG"
"919","URBAN/SML STREAM FLD",3392,"URBAN/SML STREAM FLD"
"920","URBAN/SML STREAM FLDG",1,"URBAN/SML STREAM FLDG"
"921","URBAN/STREET FLOODING",3,"URBAN/STREET FLOODING"
"922","VERY DRY",2,"VERY DRY"
"923","VERY WARM",1,"VERY WARM"
"924","VOG",1,"VOG"
"925","Volcanic Ash",1,"Volcanic Ash"
"926","VOLCANIC ASH",22,"VOLCANIC ASH"
"927","Volcanic Ash Plume",1,"Volcanic Ash Plume"
"928","VOLCANIC ASHFALL",3,"VOLCANIC ASHFALL"
"929","VOLCANIC ERUPTION",2,"VOLCANIC ERUPTION"
"930","WAKE LOW WIND",2,"WAKE LOW WIND"
"931","WALL CLOUD",5,"WALL CLOUD"
"932","WALL CLOUD/FUNNEL CLOUD",1,"WALL CLOUD/FUNNEL CLOUD"
"933","WARM DRY CONDITIONS",1,"WARM DRY CONDITIONS"
"934","WARM WEATHER",1,"WARM WEATHER"
"935","WATER SPOUT",1,"WATER SPOUT"
"936","WATERSPOUT",3796,"WATERSPOUT"
"937","WATERSPOUT FUNNEL CLOUD",1,"WATERSPOUT FUNNEL CLOUD"
"938","WATERSPOUT TORNADO",1,"WATERSPOUT TORNADO"
"939","WATERSPOUT-",10,"WATERSPOUT-"
"940","WATERSPOUT-TORNADO",2,"WATERSPOUT-TORNADO"
"941","WATERSPOUT/",1,"WATERSPOUT/"
"942","WATERSPOUT/ TORNADO",2,"WATERSPOUT/ TORNADO"
"943","WATERSPOUT/TORNADO",8,"WATERSPOUT/TORNADO"
"944","WATERSPOUTS",37,"WATERSPOUTS"
"945","WAYTERSPOUT",1,"WAYTERSPOUT"
"946","wet micoburst",1,"wet micoburst"
"947","WET MICROBURST",6,"WET MICROBURST"
"948","Wet Month",4,"Wet Month"
"949","WET SNOW",1,"WET SNOW"
"950","WET WEATHER",1,"WET WEATHER"
"951","Wet Year",4,"Wet Year"
"952","Whirlwind",2,"Whirlwind"
"953","WHIRLWIND",1,"WHIRLWIND"
"954","WILD FIRES",4,"WILD FIRES"
"955","WILD/FOREST FIRE",1457,"WILD/FOREST FIRE"
"956","WILD/FOREST FIRES",1,"WILD/FOREST FIRES"
"957","WILDFIRE",2761,"WILDFIRE"
"958","WILDFIRES",8,"WILDFIRES"
"959","Wind",6,"Wind"
"960","WIND",340,"WIND"
"961","WIND ADVISORY",12,"WIND ADVISORY"
"962","WIND AND WAVE",1,"WIND AND WAVE"
"963","WIND CHILL",18,"WIND CHILL"
"964","WIND CHILL/HIGH WIND",1,"WIND CHILL/HIGH WIND"
"965","Wind Damage",4,"Wind Damage"
"966","WIND DAMAGE",27,"WIND DAMAGE"
"967","WIND GUSTS",3,"WIND GUSTS"
"968","WIND STORM",1,"WIND STORM"
"969","WIND/HAIL",1,"WIND/HAIL"
"970","WINDS",36,"WINDS"
"971","WINTER MIX",3,"WINTER MIX"
"972","WINTER STORM",11433,"WINTER STORM"
"973","WINTER STORM HIGH WINDS",1,"WINTER STORM HIGH WINDS"
"974","WINTER STORM/HIGH WIND",1,"WINTER STORM/HIGH WIND"
"975","WINTER STORM/HIGH WINDS",1,"WINTER STORM/HIGH WINDS"
"976","WINTER STORMS",3,"WINTER STORMS"
"977","Winter Weather",19,"Winter Weather"
"978","WINTER WEATHER",7026,"WINTER WEATHER"
"979","WINTER WEATHER MIX",6,"WINTER WEATHER MIX"
"980","WINTER WEATHER/MIX",1104,"WINTER WEATHER/MIX"
"981","WINTERY MIX",2,"WINTERY MIX"
"982","Wintry mix",3,"Wintry mix"
"983","Wintry Mix",1,"Wintry Mix"
"984","WINTRY MIX",90,"WINTRY MIX"
"985","WND",1,"WND"
